post_title,post_id
Post Game Thread: Philadelphia Flyers at Vancouver Canucks - 11 Oct 2024,1g1swzp
Post Game Thread: Vancouver Canucks at Florida Panthers - 17 Oct 2024,1g677aq
Post Game Thread: Vancouver Canucks at Philadelphia Flyers - 19 Oct 2024,1g7o7ny
Post Game Thread: Vancouver Canucks at Chicago Blackhawks - 22 Oct 2024,1ga0fmy
Post Game Thread: Pittsburgh Penguins at Vancouver Canucks - 26 Oct 2024,1gd39mw
Post Game Thread: Carolina Hurricanes at Vancouver Canucks - 28 Oct 2024,1gemnnl
Post Game Thread: New Jersey Devils at Vancouver Canucks - 30 Oct 2024,1gg714l
Post Game Thread: Vancouver Canucks at San Jose Sharks - 02 Nov 2024,1gif529
Post Game Thread: Vancouver Canucks at Anaheim Ducks - 05 Nov 2024,1gkrdc3
Post Game Thread: Calgary Flames at Vancouver Canucks - 12 Nov 2024,1gq5zqb
Post Game Thread: New York Islanders at Vancouver Canucks - 14 Nov 2024,1grpj7c
Post Game Thread: Chicago Blackhawks at Vancouver Canucks - 16 Nov 2024,1gt6pbt
Post Game Thread: Nashville Predators at Vancouver Canucks - 17 Nov 2024,1gtxqee
Post Game Thread: New York Rangers at Vancouver Canucks - 19 Nov 2024 - 7:00PM PST,1gvin37
Post Game Thread: Vancouver Canucks at Ottawa Senators - 23 Nov 2024,1gyh0gw
Post Game Thread: Vancouver Canucks at Boston Bruins - 26 Nov 2024,1h0u4y7
Post Game Thread: Vancouver Canucks at Pittsburgh Penguins - 27 Nov 2024,1h1m9pt
Post Game Thread: Vancouver Canucks at Detroit Red Wings - 01 Dec 2024,1h4ckjw
Post Game Thread: Florida Panthers at Vancouver Canucks - 12 Dec 2024,1hd5gya
Post Game Thread: Boston Bruins at Vancouver Canucks - 14 Dec 2024,1hem26e
Post Game Thread: Colorado Avalanche at Vancouver Canucks - 16 Dec 2024,1hg4a4i
Post Game Thread: Vancouver Canucks at Utah Hockey Club - 18 Dec 2024,1hhm02x
Post Game Thread: Vancouver Canucks at Vegas Golden Knights - 19 Dec 2024,1hictbe
Post Game Thread: Ottawa Senators at Vancouver Canucks - 21 Dec 2024,1hjsb1o
Post Game Thread: San Jose Sharks at Vancouver Canucks - 23 Dec 2024,1hl67zv
Post Game Thread: Vancouver Canucks at Calgary Flames - 31 Dec 2024,1hqvvsk
Post Game Thread: Nashville Predators at Vancouver Canucks - 03 Jan 2025,1ht7icn
Post Game Thread: Vancouver Canucks at Montreal Canadiens - 06 Jan 2025,1hvi09g
Post Game Thread: Vancouver Canucks at Washington Capitals - 08 Jan 2025,1hx3g4t
Post Game Thread: Vancouver Canucks at Toronto Maple Leafs - 11 Jan 2025,1hzcrbu
Post Game Thread: Vancouver Canucks at Winnipeg Jets - 14 Jan 2025,1i1om26
Post Game Thread: Edmonton Oilers at Vancouver Canucks - 18 Jan 2025,1i4rl6b
Post Game Thread: Buffalo Sabres at Vancouver Canucks - 21 Jan 2025,1i7448t
Post Game Thread: Washington Capitals at Vancouver Canucks - 25 Jan 2025,1ia6ynk
Post Game Thread: Vancouver Canucks at Nashville Predators - 29 Jan 2025,1idehuu
Post Game Thread: Vancouver Canucks at Dallas Stars - 31 Jan 2025,1iexfqe
Post Game Thread: Detroit Red Wings at Vancouver Canucks - 02 Feb 2025,1igg30q
Post Game Thread: Colorado Avalanche at Vancouver Canucks - 04 Feb 2025,1ii3856
Post Game Thread: Vancouver Canucks at San Jose Sharks - 06 Feb 2025,1ijoh9n
Post Game Thread: Toronto Maple Leafs at Vancouver Canucks - 08 Feb 2025,1il4n5k
Post Game Thread: Vancouver Canucks at Vegas Golden Knights - 22 Feb 2025,1iw36de
Post Game Thread: Vancouver Canucks at Los Angeles Kings - 26 Feb 2025,1iz8v8a
Post Game Thread: Vancouver Canucks at Anaheim Ducks - 27 Feb 2025,1j00k21
Post Game Thread: Vancouver Canucks at Seattle Kraken - 01 Mar 2025,1j1js6r
Post Game Thread: Anaheim Ducks at Vancouver Canucks - 05 Mar 2025 - 7:30PM PST,1j4p9o2
Post Game Thread: Dallas Stars at Vancouver Canucks - 09 Mar 2025,1j7pmpt
Post Game Thread: Montreal Canadiens at Vancouver Canucks - 11 Mar 2025,1j9bdt0
Post Game Thread: Vancouver Canucks at Calgary Flames - 12 Mar 2025,1ja3jr4
Post Game Thread: Chicago Blackhawks at Vancouver Canucks - 15 Mar 2025,1jcdpd9
Post Game Thread: Utah Hockey Club at Vancouver Canucks - 16 Mar 2025,1jd2nrv
Post Game Thread: Winnipeg Jets at Vancouver Canucks - 18 Mar 2025,1jep05l
Post Game Thread: Vancouver Canucks at New York Rangers - 22 Mar 2025,1jhh787
Post Game Thread: Vancouver Canucks at New Jersey Devils - 24 Mar 2025,1jj93tk
Post Game Thread: Vancouver Canucks at New York Islanders - 26 Mar 2025,1jktd2n
Post Game Thread: Vancouver Canucks at Columbus Blue Jackets - 28 Mar 2025 - 4:00PM PDT,1jmbyjc
Post Game Thread: Vancouver Canucks at Winnipeg Jets - 30 Mar 2025,1jnni86
Post Game Thread: Seattle Kraken at Vancouver Canucks - 02 Apr 2025,1jq9u0p
Post Game Thread: Vancouver Canucks at Dallas Stars - 08 Apr 2025,1juvicy
Post Game Thread: Vancouver Canucks at Colorado Avalanche - 10 Apr 2025,1jwgti7
Post Game Thread: Minnesota Wild at Vancouver Canucks - 12 Apr 2025,1jxzxlr
Post Game Thread: San Jose Sharks at Vancouver Canucks - 14 Apr 2025,1jzjaqb
Post Game Thread: Vegas Golden Knights at Vancouver Canucks - 16 Apr 2025,1k14qsa
